{
  "id": "2358886",
  "name": "MyDiary",
  "font_family": "iconfont",
  "css_prefix_text": "icon-",
  "description": "",
  "glyphs": [
    {
      "icon_id": "19751507",
      "name": "下箭头",
      "font_class": "arrow-right",
      "unicode": "eb6e",
      "unicode_decimal": 60270
    },
    {
      "icon_id": "4175511",
      "name": "下箭头",
      "font_class": "arrow-bottom",
      "unicode": "eb6d",
      "unicode_decimal": 60269
    },
    {
      "icon_id": "9148961",
      "name": "列表",
      "font_class": "list",
      "unicode": "e638",
      "unicode_decimal": 58936
    },
    {
      "icon_id": "3590935",
      "name": "管理员",
      "font_class": "admin",
      "unicode": "e62a",
      "unicode_decimal": 58922
    },
    {
      "icon_id": "3786926",
      "name": "系统",
      "font_class": "settings",
      "unicode": "e633",
      "unicode_decimal": 58931
    },
    {
      "icon_id": "7533283",
      "name": "用户",
      "font_class": "user",
      "unicode": "e603",
      "unicode_decimal": 58883
    },
    {
      "icon_id": "11082522",
      "name": "首页",
      "font_class": "index",
      "unicode": "e601",
      "unicode_decimal": 58881
    },
    {
      "icon_id": "16648577",
      "name": "退出",
      "font_class": "login-out",
      "unicode": "e61f",
      "unicode_decimal": 58911
    }
  ]
}
